{
    "freq_rook_intercept": 3973.284609139747,
    "freq_rook_X1": 0.7381606674733875,
    "freq_rook_X2": 0.9016511436822163,
    "freq_rook_X3": 1.036929454163924,
    "freq_rook_rho": 0.43313680679870137,
    "freq_queen_intercept": 0.4023154936305827,
    "freq_queen_X1": 0.0032392030156025552,
    "freq_queen_X2": 0.003162738909491961,
    "freq_queen_X3": 0.0031037765863200784,
    "freq_queen_rho": 2.4113806671500994e-05,
    "freq_knn6_intercept": 92.48888952144951,
    "freq_knn6_X1": 0.2989476602262954,
    "freq_knn6_X2": 0.3012059761878426,
    "freq_knn6_X3": 0.3886587484257224,
    "freq_knn6_rho": 0.005994312624183905,
    "freq_base_intercept": 7177.343283816137,
    "freq_base_X1": 1.2162011353608522,
    "freq_base_X2": 1.57273928315089,
    "freq_base_X3": 1.923763510375926,
    "freq_tensor_intercept": 8252.615363208868,
    "freq_tensor_X1": 0.21022555273754556,
    "freq_tensor_X2": 0.2620648758336897,
    "freq_tensor_X3": 0.27390689157410003
}